{
  "view/Worklist.view.xml": 1649155905746,
  "model/formatter.js": 1649155656061,
  "utils/locate-reuse-libs.js": 1649155656049,
  "model/models.js": 1649155656049,
  "manifest.json": 1650329398388,
  "controller/Worklist.controller.js": 1649155656057,
  "controller/Object.controller.js": 1649155656057,
  "controller/NotFound.controller.js": 1649155656053,
  "controller/ErrorHandler.js": 1649155656053,
  "controller/BaseController.js": 1649155656053,
  "controller/App.controller.js": 1649155656053,
  "Component.js": 1649155656041,
  "manifest-bundle.zip": 1650329398408,
  "Component-preload.js": 1650329398826,
  "controller/ErrorHandler-dbg.js": 1649155656053,
  "model/models-dbg.js": 1649155656049,
  "model/formatter-dbg.js": 1649155656061,
  "controller/Worklist-dbg.controller.js": 1649155656057,
  "controller/Object-dbg.controller.js": 1649155656057,
  "controller/NotFound-dbg.controller.js": 1649155656053,
  "utils/locate-reuse-libs-dbg.js": 1649155656049,
  "controller/BaseController-dbg.js": 1649155656053,
  "controller/App-dbg.controller.js": 1649155656053,
  "Component-dbg.js": 1649155656041,
  "i18n/i18n.properties": 1649155947303,
  "view/ObjectNotFound.view.xml": 1649155656069,
  "view/Object.view.xml": 1649155990159,
  "view/NotFound.view.xml": 1649155656065,
  "view/App.view.xml": 1649155656065,
  "index.html": 1649155656041
}